{
  "project_info": {
    "project_number": "652999796696",
    "project_id": "bsc421-kodableclone",
    "storage_bucket": "bsc421-kodableclone.appspot.com"
  },
  "client": [
    {
      "client_info": {
        "mobilesdk_app_id": "1:652999796696:android:25e788f07a6c5f1feb74ad",
        "android_client_info": {
          "package_name": "edu.farmingdale.kodable"
        }
      },
      "oauth_client": [],
      "api_key": [
        {
          "current_key": "AIzaSyDFJv1AWv1mlK4_cXS1ty_1Dkwb5FX8ub8"
        }
      ],
      "services": {
        "appinvite_service": {
          "other_platform_oauth_client": []
        }
      }
    }
  ],
  "configuration_version": "1"
}